{"mean": [119415.32547945206, 9.13311063104334e-07, 119414.30137429763, 119364.91060325301, 3.061603653472049e-05], "std": [72.44246822722266, 4.401468318228672e-05, 72.03637070853878, 48.56249603921635, 3.110573648730026e-05]}